,dataset,MAE,RMSE,MAPE,steps,bestModel
0,etth1,0.019557533785700798,0.028428392484784126,0.0927894115447998,70,./experiments/best_model_LSTM_etth1_12_1774946311.734652.pth
