,dataset,MAE,RMSE,MAPE,steps,bestModel
0,Traffic,0.19079194962978363,0.24466930329799652,1.2491294145584106,64,./experiments/best_model_LSTM_Traffic_12_1774946362.3896554.pth
