,dataset,MAE,RMSE,MAPE,steps,bestModel
0,FD001,0.1470808982849121,0.15044984221458435,1.930228352546692,31,./experiments/best_model_FEDformer_FD001_1_1774858987.6796045.pth
