,dataset,MAE,RMSE,MAPE,steps,bestModel
0,etth1,0.19045183062553406,0.31224963068962097,0.8588341474533081,200,./experiments/best_model_LSTM_etth1_12_1774944139.9349568.pth
