,dataset,MAE,RMSE,MAPE,steps,bestModel
0,etth1,0.020030729472637177,0.02783391624689102,0.09163651615381241,78,./experiments/best_model_LSTM_etth1_12_1775724115.229671.pth
