,dataset,MAE,RMSE,MAPE,steps,bestModel
0,FD001,0.011101714335381985,0.016309823840856552,0.0902295634150505,95,./experiments/best_model_LSTM_FD001_1_1777033249.8249967.pth
