,dataset,MAE,RMSE,MAPE,steps,bestModel
0,etth2,0.02318364754319191,0.03591910004615784,0.04307325929403305,147,./experiments/best_model_LSTM_etth2_12_1777257792.2192104.pth
