,dataset,MAE,RMSE,MAPE,steps,bestModel
0,etth2,0.033788565546274185,0.049271196126937866,0.06162898615002632,200,./experiments/best_model_DLinear_etth2_12_1775801089.5932002.pth
