,dataset,MAE,RMSE,MAPE,steps,bestModel
0,etth1,0.022202571853995323,0.030703183263540268,0.10715994983911514,135,./experiments/best_model_DLinear_etth1_12_1775801075.957811.pth
