,dataset,MAE,RMSE,MAPE,steps,bestModel
0,etth2,0.02255282551050186,0.035854727029800415,0.04127688705921173,73,./experiments/best_model_LSTM_etth2_12_1775797558.4717863.pth
