,dataset,MAE,RMSE,MAPE,steps,bestModel
0,etth1,0.018457815051078796,0.02657019905745983,0.08642319589853287,29,./experiments/best_model_LSTM_etth1_12_1778135814.3829188.pth
