,dataset,MAE,RMSE,MAPE,steps,bestModel
0,etth2,0.021964294835925102,0.03493921831250191,0.040513429790735245,36,./experiments/best_model_LSTM_etth2_12_1778135816.4127421.pth
