,dataset,MAE,RMSE,MAPE,steps,bestModel
0,AirQuality(Italian),0.11954896152019501,0.15268296003341675,0.83489990234375,65,./experiments/best_model_LSTM_AirQuality(Italian)_12_1776166685.2989407.pth
0,AirQuality(Italian),0.12112007290124893,0.15509624779224396,0.8419616222381592,59,./experiments/best_model_LSTM_AirQuality(Italian)_12_1776166796.1042573.pth
