,dataset,MAE,RMSE,MAPE,steps,bestModel
0,FD001,0.008074115961790085,0.01030308660119772,0.12438599765300751,63,./experiments/best_model_LSTM_FD001_1_1776166738.0198154.pth
