,dataset,MAE,RMSE,MAPE,steps,bestModel
0,FD001,0.0004993572365492582,0.0010205331491306424,0.006181727629154921,90,./experiments/best_model_TimesNet_FD001_1_1776396375.6005993.pth
