,dataset,MAE,RMSE,MAPE,steps,bestModel
0,Traffic,0.18289706110954285,0.23545190691947937,1.1450657844543457,52,./experiments/best_model_LSTM_Traffic_12_1775798861.7921567.pth
