,dataset,MAE,RMSE,MAPE,steps,bestModel
0,etth1,0.019032331183552742,0.026986470445990562,0.08829190582036972,81,./experiments/best_model_LSTM_etth1_12_1775799885.783691.pth
