,dataset,MAE,RMSE,MAPE,steps,bestModel
0,Traffic,0.13986524939537048,0.19146978855133057,0.7261760234832764,200,./experiments/best_model_LSTM_Traffic_12_1775800063.9047613.pth
