,dataset,MAE,RMSE,MAPE,steps,bestModel
0,etth1,0.01810453273355961,0.026466907933354378,0.08499658107757568,110,./experiments/best_model_LSTM_etth1_12_1776244005.0949547.pth
