,dataset,MAE,RMSE,MAPE,steps,bestModel
0,etth2,0.023143626749515533,0.035439953207969666,0.042889561504125595,58,./experiments/best_model_LSTM_etth2_12_1776244009.171567.pth
