,dataset,MAE,RMSE,MAPE,steps,bestModel
0,FD001,0.0006882961024530232,0.001668740645982325,0.008217962458729744,100,./experiments/best_model_TimesNet_FD001_1_1778147692.7268975.pth
