,dataset,MAE,RMSE,MAPE,steps,bestModel
0,etth1,0.018584249541163445,0.026889119297266006,0.08844463527202606,40,./experiments/best_model_LSTM_etth1_12_1777301064.256146.pth
